dataset,encoder,representation,k_shot,n_way,q_query,episodes,seed,accuracy_mean,ci95,notes
thai_fingerspelling,mlp,raw,1,5,15,600,42,0.4032,0.007467,no-pretrain; json-splits
thai_fingerspelling,mlp,raw,3,5,15,600,42,0.469889,0.007172,no-pretrain; json-splits
thai_fingerspelling,mlp,raw,5,5,15,600,42,0.488244,0.00751,no-pretrain; json-splits
asl_alphabet,mlp,raw,1,5,15,600,42,0.825667,0.008855,no-pretrain; json-splits
asl_alphabet,mlp,raw,3,5,15,600,42,0.925311,0.004372,no-pretrain; json-splits
asl_alphabet,mlp,raw,5,5,15,600,42,0.942311,0.003203,no-pretrain; json-splits
libras_alphabet,mlp,raw,1,5,15,600,42,0.692756,0.009788,no-pretrain; json-splits
libras_alphabet,mlp,raw,3,5,15,600,42,0.784778,0.008262,no-pretrain; json-splits
libras_alphabet,mlp,raw,5,5,15,600,42,0.816756,0.00783,no-pretrain; json-splits
arabic_sign_alphabet,mlp,raw,1,5,15,600,42,0.516067,0.008695,no-pretrain; json-splits
arabic_sign_alphabet,mlp,raw,3,5,15,600,42,0.604756,0.008548,no-pretrain; json-splits
arabic_sign_alphabet,mlp,raw,5,5,15,600,42,0.643667,0.008261,no-pretrain; json-splits
thai_fingerspelling,mlp,angle,1,5,15,600,42,0.462422,0.008273,no-pretrain; json-splits
thai_fingerspelling,mlp,angle,3,5,15,600,42,0.512022,0.007845,no-pretrain; json-splits
thai_fingerspelling,mlp,angle,5,5,15,600,42,0.5266,0.007821,no-pretrain; json-splits
asl_alphabet,mlp,angle,1,5,15,600,42,0.863822,0.009031,no-pretrain; json-splits
asl_alphabet,mlp,angle,3,5,15,600,42,0.940356,0.005478,no-pretrain; json-splits
asl_alphabet,mlp,angle,5,5,15,600,42,0.924111,0.00588,no-pretrain; json-splits
libras_alphabet,mlp,angle,1,5,15,600,42,0.891711,0.007088,no-pretrain; json-splits
libras_alphabet,mlp,angle,3,5,15,600,42,0.931667,0.005208,no-pretrain; json-splits
libras_alphabet,mlp,angle,5,5,15,600,42,0.945267,0.004545,no-pretrain; json-splits
arabic_sign_alphabet,mlp,angle,1,5,15,600,42,0.812933,0.008695,no-pretrain; json-splits
arabic_sign_alphabet,mlp,angle,3,5,15,600,42,0.8826,0.006301,no-pretrain; json-splits
arabic_sign_alphabet,mlp,angle,5,5,15,600,42,0.898711,0.005713,no-pretrain; json-splits
thai_fingerspelling,mlp,raw_angle,1,5,15,600,42,0.433667,0.007618,no-pretrain; json-splits
thai_fingerspelling,mlp,raw_angle,3,5,15,600,42,0.501667,0.007549,no-pretrain; json-splits
thai_fingerspelling,mlp,raw_angle,5,5,15,600,42,0.519089,0.007778,no-pretrain; json-splits
asl_alphabet,mlp,raw_angle,1,5,15,600,42,0.886956,0.008114,no-pretrain; json-splits
asl_alphabet,mlp,raw_angle,3,5,15,600,42,0.970422,0.002991,no-pretrain; json-splits
asl_alphabet,mlp,raw_angle,5,5,15,600,42,0.973778,0.002273,no-pretrain; json-splits
libras_alphabet,mlp,raw_angle,1,5,15,600,42,0.710867,0.009565,no-pretrain; json-splits
libras_alphabet,mlp,raw_angle,3,5,15,600,42,0.821378,0.007915,no-pretrain; json-splits
libras_alphabet,mlp,raw_angle,5,5,15,600,42,0.850689,0.007321,no-pretrain; json-splits
arabic_sign_alphabet,mlp,raw_angle,1,5,15,600,42,0.558133,0.009843,no-pretrain; json-splits
arabic_sign_alphabet,mlp,raw_angle,3,5,15,600,42,0.664733,0.009212,no-pretrain; json-splits
arabic_sign_alphabet,mlp,raw_angle,5,5,15,600,42,0.707289,0.008859,no-pretrain; json-splits
thai_fingerspelling,transformer,raw,1,5,15,600,42,0.332867,0.006864,no-pretrain; json-splits
thai_fingerspelling,transformer,raw,3,5,15,600,42,0.356733,0.005859,no-pretrain; json-splits
thai_fingerspelling,transformer,raw,5,5,15,600,42,0.360133,0.00581,no-pretrain; json-splits
asl_alphabet,transformer,raw,1,5,15,600,42,0.537444,0.010275,no-pretrain; json-splits
asl_alphabet,transformer,raw,3,5,15,600,42,0.597578,0.007609,no-pretrain; json-splits
asl_alphabet,transformer,raw,5,5,15,600,42,0.612222,0.00739,no-pretrain; json-splits
libras_alphabet,transformer,raw,1,5,15,600,42,0.606467,0.009459,no-pretrain; json-splits
libras_alphabet,transformer,raw,3,5,15,600,42,0.653956,0.009504,no-pretrain; json-splits
libras_alphabet,transformer,raw,5,5,15,600,42,0.675311,0.009307,no-pretrain; json-splits
arabic_sign_alphabet,transformer,raw,1,5,15,600,42,0.432733,0.00924,no-pretrain; json-splits
arabic_sign_alphabet,transformer,raw,3,5,15,600,42,0.471022,0.009961,no-pretrain; json-splits
arabic_sign_alphabet,transformer,raw,5,5,15,600,42,0.489022,0.00956,no-pretrain; json-splits
thai_fingerspelling,transformer,angle,1,5,15,600,42,0.445711,0.008171,no-pretrain; json-splits
thai_fingerspelling,transformer,angle,3,5,15,600,42,0.505711,0.008056,no-pretrain; json-splits
thai_fingerspelling,transformer,angle,5,5,15,600,42,0.518378,0.008008,no-pretrain; json-splits
asl_alphabet,transformer,angle,1,5,15,600,42,0.853778,0.00944,no-pretrain; json-splits
asl_alphabet,transformer,angle,3,5,15,600,42,0.931289,0.006299,no-pretrain; json-splits
asl_alphabet,transformer,angle,5,5,15,600,42,0.913044,0.006896,no-pretrain; json-splits
libras_alphabet,transformer,angle,1,5,15,600,42,0.870089,0.007504,no-pretrain; json-splits
libras_alphabet,transformer,angle,3,5,15,600,42,0.914622,0.005697,no-pretrain; json-splits
libras_alphabet,transformer,angle,5,5,15,600,42,0.928844,0.005061,no-pretrain; json-splits
arabic_sign_alphabet,transformer,angle,1,5,15,600,42,0.7856,0.009181,no-pretrain; json-splits
arabic_sign_alphabet,transformer,angle,3,5,15,600,42,0.857533,0.006867,no-pretrain; json-splits
arabic_sign_alphabet,transformer,angle,5,5,15,600,42,0.877756,0.006215,no-pretrain; json-splits
thai_fingerspelling,transformer,raw_angle,1,5,15,600,42,0.423244,0.007472,no-pretrain; json-splits
thai_fingerspelling,transformer,raw_angle,3,5,15,600,42,0.471156,0.007334,no-pretrain; json-splits
thai_fingerspelling,transformer,raw_angle,5,5,15,600,42,0.486578,0.00757,no-pretrain; json-splits
asl_alphabet,transformer,raw_angle,1,5,15,600,42,0.886733,0.008253,no-pretrain; json-splits
asl_alphabet,transformer,raw_angle,3,5,15,600,42,0.970111,0.00316,no-pretrain; json-splits
asl_alphabet,transformer,raw_angle,5,5,15,600,42,0.970667,0.00249,no-pretrain; json-splits
libras_alphabet,transformer,raw_angle,1,5,15,600,42,0.724778,0.009927,no-pretrain; json-splits
libras_alphabet,transformer,raw_angle,3,5,15,600,42,0.822378,0.007631,no-pretrain; json-splits
libras_alphabet,transformer,raw_angle,5,5,15,600,42,0.847511,0.007313,no-pretrain; json-splits
arabic_sign_alphabet,transformer,raw_angle,1,5,15,600,42,0.559356,0.009691,no-pretrain; json-splits
arabic_sign_alphabet,transformer,raw_angle,3,5,15,600,42,0.632533,0.009132,no-pretrain; json-splits
arabic_sign_alphabet,transformer,raw_angle,5,5,15,600,42,0.670867,0.009141,no-pretrain; json-splits
