dataset,encoder,representation,n_way,k_shot,seed,q_query_train,q_query_test,episodes_train,episodes_eval,epochs,best_epoch,accuracy_mean,ci95,eval_loss,train_samples,test_samples,classes,checkpoint
asl_alphabet,mlp,raw,5,1,42,5,5,600,600,5,5,0.978733,0.003965,0.054886,1118,501,36,results\checkpoints\within_domain_trained_asl_alphabet_mlp_raw_1shot.pt
asl_alphabet,mlp,raw,5,3,42,5,5,600,600,5,5,0.988467,0.002408,0.030634,1118,501,36,results\checkpoints\within_domain_trained_asl_alphabet_mlp_raw_3shot.pt
asl_alphabet,mlp,raw,5,5,42,5,5,600,600,5,5,0.990400,0.002015,0.026187,1118,501,36,results\checkpoints\within_domain_trained_asl_alphabet_mlp_raw_5shot.pt
arabic_sign_alphabet,mlp,raw,5,1,42,5,5,600,600,5,5,0.950667,0.006108,0.150115,4952,2142,31,results\checkpoints\within_domain_trained_arabic_sign_alphabet_mlp_raw_1shot.pt
arabic_sign_alphabet,mlp,raw,5,3,42,5,5,600,600,5,5,0.976333,0.003372,0.068237,4952,2142,31,results\checkpoints\within_domain_trained_arabic_sign_alphabet_mlp_raw_3shot.pt
arabic_sign_alphabet,mlp,raw,5,5,42,5,5,600,600,5,5,0.981667,0.002832,0.055038,4952,2142,31,results\checkpoints\within_domain_trained_arabic_sign_alphabet_mlp_raw_5shot.pt
libras_alphabet,mlp,raw,5,1,42,5,5,600,600,5,5,0.981933,0.003854,0.037963,31973,13713,21,results\checkpoints\within_domain_trained_libras_alphabet_mlp_raw_1shot.pt
libras_alphabet,mlp,raw,5,3,42,5,5,600,600,5,5,0.991600,0.002452,0.021157,31973,13713,21,results\checkpoints\within_domain_trained_libras_alphabet_mlp_raw_3shot.pt
libras_alphabet,mlp,raw,5,5,42,5,5,600,600,5,5,0.993200,0.002222,0.017228,31973,13713,21,results\checkpoints\within_domain_trained_libras_alphabet_mlp_raw_5shot.pt
thai_fingerspelling,mlp,raw,5,1,42,5,5,600,600,5,5,0.768133,0.011217,0.699088,1998,863,42,results\checkpoints\within_domain_trained_thai_fingerspelling_mlp_raw_1shot.pt
thai_fingerspelling,mlp,raw,5,3,42,5,5,600,600,5,5,0.850400,0.008940,0.423093,1998,863,42,results\checkpoints\within_domain_trained_thai_fingerspelling_mlp_raw_3shot.pt
thai_fingerspelling,mlp,raw,5,5,42,5,5,600,600,5,5,0.864467,0.008382,0.382676,1998,863,42,results\checkpoints\within_domain_trained_thai_fingerspelling_mlp_raw_5shot.pt
asl_alphabet,mlp,angle,5,1,42,5,5,600,600,5,5,0.954200,0.005904,0.109422,1118,501,36,results\checkpoints\within_domain_trained_asl_alphabet_mlp_angle_1shot.pt
asl_alphabet,mlp,angle,5,3,42,5,5,600,600,5,5,0.980467,0.002982,0.062898,1118,501,36,results\checkpoints\within_domain_trained_asl_alphabet_mlp_angle_3shot.pt
asl_alphabet,mlp,angle,5,5,42,5,5,600,600,5,5,0.982000,0.002788,0.060722,1118,501,36,results\checkpoints\within_domain_trained_asl_alphabet_mlp_angle_5shot.pt
arabic_sign_alphabet,mlp,angle,5,1,42,5,5,600,600,5,5,0.930067,0.006824,0.228411,4952,2142,31,results\checkpoints\within_domain_trained_arabic_sign_alphabet_mlp_angle_1shot.pt
arabic_sign_alphabet,mlp,angle,5,3,42,5,5,600,600,5,5,0.957533,0.004647,0.120007,4952,2142,31,results\checkpoints\within_domain_trained_arabic_sign_alphabet_mlp_angle_3shot.pt
arabic_sign_alphabet,mlp,angle,5,5,42,5,5,600,600,5,5,0.961267,0.004527,0.113372,4952,2142,31,results\checkpoints\within_domain_trained_arabic_sign_alphabet_mlp_angle_5shot.pt
libras_alphabet,mlp,angle,5,1,42,5,5,600,600,5,5,0.985733,0.003066,0.038326,31973,13713,21,results\checkpoints\within_domain_trained_libras_alphabet_mlp_angle_1shot.pt
libras_alphabet,mlp,angle,5,3,42,5,5,600,600,5,5,0.993267,0.001633,0.021669,31973,13713,21,results\checkpoints\within_domain_trained_libras_alphabet_mlp_angle_3shot.pt
libras_alphabet,mlp,angle,5,5,42,5,5,600,600,5,5,0.995067,0.001287,0.016510,31973,13713,21,results\checkpoints\within_domain_trained_libras_alphabet_mlp_angle_5shot.pt
thai_fingerspelling,mlp,angle,5,1,42,5,5,600,600,5,5,0.734000,0.011633,0.778291,1998,863,42,results\checkpoints\within_domain_trained_thai_fingerspelling_mlp_angle_1shot.pt
thai_fingerspelling,mlp,angle,5,3,42,5,5,600,600,5,5,0.821000,0.009174,0.509510,1998,863,42,results\checkpoints\within_domain_trained_thai_fingerspelling_mlp_angle_3shot.pt
thai_fingerspelling,mlp,angle,5,5,42,5,5,600,600,5,5,0.837200,0.008626,0.451953,1998,863,42,results\checkpoints\within_domain_trained_thai_fingerspelling_mlp_angle_5shot.pt
asl_alphabet,mlp,raw_angle,5,1,42,5,5,600,600,5,5,0.977267,0.004200,0.058112,1118,501,36,results\checkpoints\within_domain_trained_asl_alphabet_mlp_raw_angle_1shot.pt
asl_alphabet,mlp,raw_angle,5,3,42,5,5,600,600,5,5,0.987133,0.002808,0.033833,1118,501,36,results\checkpoints\within_domain_trained_asl_alphabet_mlp_raw_angle_3shot.pt
asl_alphabet,mlp,raw_angle,5,5,42,5,5,600,600,5,5,0.987000,0.002888,0.031778,1118,501,36,results\checkpoints\within_domain_trained_asl_alphabet_mlp_raw_angle_5shot.pt
arabic_sign_alphabet,mlp,raw_angle,5,1,42,5,5,600,600,5,5,0.962067,0.005337,0.122473,4952,2142,31,results\checkpoints\within_domain_trained_arabic_sign_alphabet_mlp_raw_angle_1shot.pt
arabic_sign_alphabet,mlp,raw_angle,5,3,42,5,5,600,600,5,5,0.982133,0.002872,0.056350,4952,2142,31,results\checkpoints\within_domain_trained_arabic_sign_alphabet_mlp_raw_angle_3shot.pt
arabic_sign_alphabet,mlp,raw_angle,5,5,42,5,5,600,600,5,5,0.984133,0.002507,0.050055,4952,2142,31,results\checkpoints\within_domain_trained_arabic_sign_alphabet_mlp_raw_angle_5shot.pt
libras_alphabet,mlp,raw_angle,5,1,42,5,5,600,600,5,5,0.987333,0.003298,0.026609,31973,13713,21,results\checkpoints\within_domain_trained_libras_alphabet_mlp_raw_angle_1shot.pt
libras_alphabet,mlp,raw_angle,5,3,42,5,5,600,600,5,5,0.995667,0.001307,0.014371,31973,13713,21,results\checkpoints\within_domain_trained_libras_alphabet_mlp_raw_angle_3shot.pt
libras_alphabet,mlp,raw_angle,5,5,42,5,5,600,600,5,5,0.997067,0.000985,0.010254,31973,13713,21,results\checkpoints\within_domain_trained_libras_alphabet_mlp_raw_angle_5shot.pt
thai_fingerspelling,mlp,raw_angle,5,1,42,5,5,600,600,5,5,0.792400,0.010748,0.629154,1998,863,42,results\checkpoints\within_domain_trained_thai_fingerspelling_mlp_raw_angle_1shot.pt
thai_fingerspelling,mlp,raw_angle,5,3,42,5,5,600,600,5,5,0.868200,0.008136,0.377666,1998,863,42,results\checkpoints\within_domain_trained_thai_fingerspelling_mlp_raw_angle_3shot.pt
thai_fingerspelling,mlp,raw_angle,5,5,42,5,5,600,600,5,5,0.878467,0.007942,0.344632,1998,863,42,results\checkpoints\within_domain_trained_thai_fingerspelling_mlp_raw_angle_5shot.pt
asl_alphabet,transformer,raw,5,1,42,5,5,600,600,5,5,0.962067,0.005699,0.090412,1118,501,36,results\checkpoints\within_domain_trained_asl_alphabet_transformer_raw_1shot.pt
asl_alphabet,transformer,raw,5,3,42,5,5,600,600,5,5,0.987400,0.002773,0.035615,1118,501,36,results\checkpoints\within_domain_trained_asl_alphabet_transformer_raw_3shot.pt
asl_alphabet,transformer,raw,5,5,42,5,5,600,600,5,5,0.988600,0.002362,0.035478,1118,501,36,results\checkpoints\within_domain_trained_asl_alphabet_transformer_raw_5shot.pt
arabic_sign_alphabet,transformer,raw,5,1,42,5,5,600,600,5,5,0.934000,0.007087,0.196465,4952,2142,31,results\checkpoints\within_domain_trained_arabic_sign_alphabet_transformer_raw_1shot.pt
arabic_sign_alphabet,transformer,raw,5,3,42,5,5,600,600,5,5,0.968000,0.004140,0.092714,4952,2142,31,results\checkpoints\within_domain_trained_arabic_sign_alphabet_transformer_raw_3shot.pt
arabic_sign_alphabet,transformer,raw,5,5,42,5,5,600,600,5,5,0.977733,0.003144,0.069431,4952,2142,31,results\checkpoints\within_domain_trained_arabic_sign_alphabet_transformer_raw_5shot.pt
libras_alphabet,transformer,raw,5,1,42,5,5,600,600,5,5,0.971933,0.005121,0.058283,31973,13713,21,results\checkpoints\within_domain_trained_libras_alphabet_transformer_raw_1shot.pt
libras_alphabet,transformer,raw,5,3,42,5,5,600,600,5,5,0.980600,0.004213,0.040720,31973,13713,21,results\checkpoints\within_domain_trained_libras_alphabet_transformer_raw_3shot.pt
libras_alphabet,transformer,raw,5,5,42,5,5,600,600,5,5,0.982267,0.004061,0.034660,31973,13713,21,results\checkpoints\within_domain_trained_libras_alphabet_transformer_raw_5shot.pt
thai_fingerspelling,transformer,raw,5,1,42,5,5,600,600,5,5,0.717467,0.011988,0.828090,1998,863,42,results\checkpoints\within_domain_trained_thai_fingerspelling_transformer_raw_1shot.pt
thai_fingerspelling,transformer,raw,5,3,42,5,5,600,600,5,5,0.807533,0.009690,0.512218,1998,863,42,results\checkpoints\within_domain_trained_thai_fingerspelling_transformer_raw_3shot.pt
thai_fingerspelling,transformer,raw,5,5,42,5,5,600,600,5,5,0.829067,0.009063,0.455924,1998,863,42,results\checkpoints\within_domain_trained_thai_fingerspelling_transformer_raw_5shot.pt
asl_alphabet,transformer,angle,5,1,42,5,5,600,600,5,5,0.941067,0.006922,0.136923,1118,501,36,results\checkpoints\within_domain_trained_asl_alphabet_transformer_angle_1shot.pt
asl_alphabet,transformer,angle,5,3,42,5,5,600,600,5,5,0.971067,0.004107,0.083034,1118,501,36,results\checkpoints\within_domain_trained_asl_alphabet_transformer_angle_3shot.pt
asl_alphabet,transformer,angle,5,5,42,5,5,600,600,5,5,0.975533,0.003535,0.074539,1118,501,36,results\checkpoints\within_domain_trained_asl_alphabet_transformer_angle_5shot.pt
arabic_sign_alphabet,transformer,angle,5,1,42,5,5,600,600,5,5,0.930733,0.006539,0.198687,4952,2142,31,results\checkpoints\within_domain_trained_arabic_sign_alphabet_transformer_angle_1shot.pt
arabic_sign_alphabet,transformer,angle,5,3,42,5,5,600,600,5,5,0.958667,0.004807,0.111069,4952,2142,31,results\checkpoints\within_domain_trained_arabic_sign_alphabet_transformer_angle_3shot.pt
arabic_sign_alphabet,transformer,angle,5,5,42,5,5,600,600,5,5,0.963267,0.004228,0.100277,4952,2142,31,results\checkpoints\within_domain_trained_arabic_sign_alphabet_transformer_angle_5shot.pt
libras_alphabet,transformer,angle,5,1,42,5,5,600,600,5,5,0.981667,0.003457,0.051089,31973,13713,21,results\checkpoints\within_domain_trained_libras_alphabet_transformer_angle_1shot.pt
libras_alphabet,transformer,angle,5,3,42,5,5,600,600,5,5,0.990467,0.001961,0.031648,31973,13713,21,results\checkpoints\within_domain_trained_libras_alphabet_transformer_angle_3shot.pt
libras_alphabet,transformer,angle,5,5,42,5,5,600,600,5,5,0.992667,0.001557,0.025629,31973,13713,21,results\checkpoints\within_domain_trained_libras_alphabet_transformer_angle_5shot.pt
thai_fingerspelling,transformer,angle,5,1,42,5,5,600,600,5,5,0.692600,0.011718,0.858595,1998,863,42,results\checkpoints\within_domain_trained_thai_fingerspelling_transformer_angle_1shot.pt
thai_fingerspelling,transformer,angle,5,3,42,5,5,600,600,5,5,0.794733,0.009907,0.541159,1998,863,42,results\checkpoints\within_domain_trained_thai_fingerspelling_transformer_angle_3shot.pt
thai_fingerspelling,transformer,angle,5,5,42,5,5,600,600,5,5,0.823133,0.008791,0.458980,1998,863,42,results\checkpoints\within_domain_trained_thai_fingerspelling_transformer_angle_5shot.pt
asl_alphabet,transformer,raw_angle,5,1,42,5,5,600,600,5,5,0.979200,0.004013,0.059082,1118,501,36,results\checkpoints\within_domain_trained_asl_alphabet_transformer_raw_angle_1shot.pt
asl_alphabet,transformer,raw_angle,5,3,42,5,5,600,600,5,5,0.987400,0.002729,0.034213,1118,501,36,results\checkpoints\within_domain_trained_asl_alphabet_transformer_raw_angle_3shot.pt
asl_alphabet,transformer,raw_angle,5,5,42,5,5,600,600,5,4,0.988667,0.002446,0.038170,1118,501,36,results\checkpoints\within_domain_trained_asl_alphabet_transformer_raw_angle_5shot.pt
arabic_sign_alphabet,transformer,raw_angle,5,1,42,5,5,600,600,5,5,0.968133,0.004685,0.098976,4952,2142,31,results\checkpoints\within_domain_trained_arabic_sign_alphabet_transformer_raw_angle_1shot.pt
arabic_sign_alphabet,transformer,raw_angle,5,3,42,5,5,600,600,5,5,0.983667,0.002664,0.049620,4952,2142,31,results\checkpoints\within_domain_trained_arabic_sign_alphabet_transformer_raw_angle_3shot.pt
arabic_sign_alphabet,transformer,raw_angle,5,5,42,5,5,600,600,5,5,0.985733,0.002264,0.044328,4952,2142,31,results\checkpoints\within_domain_trained_arabic_sign_alphabet_transformer_raw_angle_5shot.pt
libras_alphabet,transformer,raw_angle,5,1,42,5,5,600,600,5,5,0.993467,0.001877,0.017556,31973,13713,21,results\checkpoints\within_domain_trained_libras_alphabet_transformer_raw_angle_1shot.pt
libras_alphabet,transformer,raw_angle,5,3,42,5,5,600,600,5,5,0.997733,0.000848,0.008850,31973,13713,21,results\checkpoints\within_domain_trained_libras_alphabet_transformer_raw_angle_3shot.pt
libras_alphabet,transformer,raw_angle,5,5,42,5,5,600,600,5,5,0.998733,0.000646,0.005955,31973,13713,21,results\checkpoints\within_domain_trained_libras_alphabet_transformer_raw_angle_5shot.pt
thai_fingerspelling,transformer,raw_angle,5,1,42,5,5,600,600,5,5,0.797000,0.010584,0.561287,1998,863,42,results\checkpoints\within_domain_trained_thai_fingerspelling_transformer_raw_angle_1shot.pt
thai_fingerspelling,transformer,raw_angle,5,3,42,5,5,600,600,5,5,0.872933,0.007863,0.338080,1998,863,42,results\checkpoints\within_domain_trained_thai_fingerspelling_transformer_raw_angle_3shot.pt
thai_fingerspelling,transformer,raw_angle,5,5,42,5,5,600,600,5,5,0.884333,0.007692,0.296323,1998,863,42,results\checkpoints\within_domain_trained_thai_fingerspelling_transformer_raw_angle_5shot.pt
asl_alphabet,mlp,raw,5,1,1337,5,5,600,600,5,5,0.980200,0.004035,0.053009,1118,501,36,results\checkpoints\within_domain_trained_asl_alphabet_mlp_raw_1shot.pt
asl_alphabet,mlp,raw,5,3,1337,5,5,600,600,5,5,0.986800,0.002726,0.035008,1118,501,36,results\checkpoints\within_domain_trained_asl_alphabet_mlp_raw_3shot.pt
asl_alphabet,mlp,raw,5,5,1337,5,5,600,600,5,5,0.989267,0.002234,0.032672,1118,501,36,results\checkpoints\within_domain_trained_asl_alphabet_mlp_raw_5shot.pt
arabic_sign_alphabet,mlp,raw,5,1,1337,5,5,600,600,5,5,0.949333,0.005780,0.149047,4952,2142,31,results\checkpoints\within_domain_trained_arabic_sign_alphabet_mlp_raw_1shot.pt
arabic_sign_alphabet,mlp,raw,5,3,1337,5,5,600,600,5,5,0.977333,0.003104,0.070553,4952,2142,31,results\checkpoints\within_domain_trained_arabic_sign_alphabet_mlp_raw_3shot.pt
arabic_sign_alphabet,mlp,raw,5,5,1337,5,5,600,600,5,5,0.980800,0.002588,0.057689,4952,2142,31,results\checkpoints\within_domain_trained_arabic_sign_alphabet_mlp_raw_5shot.pt
libras_alphabet,mlp,raw,5,1,1337,5,5,600,600,5,5,0.986400,0.003151,0.037133,31973,13713,21,results\checkpoints\within_domain_trained_libras_alphabet_mlp_raw_1shot.pt
libras_alphabet,mlp,raw,5,3,1337,5,5,600,600,5,5,0.993533,0.001998,0.020038,31973,13713,21,results\checkpoints\within_domain_trained_libras_alphabet_mlp_raw_3shot.pt
libras_alphabet,mlp,raw,5,5,1337,5,5,600,600,5,5,0.994133,0.001836,0.016419,31973,13713,21,results\checkpoints\within_domain_trained_libras_alphabet_mlp_raw_5shot.pt
thai_fingerspelling,mlp,raw,5,1,1337,5,5,600,600,5,5,0.748067,0.011855,0.790379,1998,863,42,results\checkpoints\within_domain_trained_thai_fingerspelling_mlp_raw_1shot.pt
thai_fingerspelling,mlp,raw,5,3,1337,5,5,600,600,5,5,0.837933,0.008934,0.509205,1998,863,42,results\checkpoints\within_domain_trained_thai_fingerspelling_mlp_raw_3shot.pt
thai_fingerspelling,mlp,raw,5,5,1337,5,5,600,600,5,5,0.852467,0.008516,0.449237,1998,863,42,results\checkpoints\within_domain_trained_thai_fingerspelling_mlp_raw_5shot.pt
asl_alphabet,mlp,angle,5,1,1337,5,5,600,600,5,5,0.953200,0.005876,0.119190,1118,501,36,results\checkpoints\within_domain_trained_asl_alphabet_mlp_angle_1shot.pt
asl_alphabet,mlp,angle,5,3,1337,5,5,600,600,5,5,0.973067,0.003835,0.073004,1118,501,36,results\checkpoints\within_domain_trained_asl_alphabet_mlp_angle_3shot.pt
asl_alphabet,mlp,angle,5,5,1337,5,5,600,600,5,5,0.977400,0.003239,0.065379,1118,501,36,results\checkpoints\within_domain_trained_asl_alphabet_mlp_angle_5shot.pt
arabic_sign_alphabet,mlp,angle,5,1,1337,5,5,600,600,5,5,0.932067,0.006753,0.209465,4952,2142,31,results\checkpoints\within_domain_trained_arabic_sign_alphabet_mlp_angle_1shot.pt
arabic_sign_alphabet,mlp,angle,5,3,1337,5,5,600,600,5,5,0.960667,0.004380,0.116911,4952,2142,31,results\checkpoints\within_domain_trained_arabic_sign_alphabet_mlp_angle_3shot.pt
arabic_sign_alphabet,mlp,angle,5,5,1337,5,5,600,600,5,5,0.963733,0.004319,0.112992,4952,2142,31,results\checkpoints\within_domain_trained_arabic_sign_alphabet_mlp_angle_5shot.pt
libras_alphabet,mlp,angle,5,1,1337,5,5,600,600,5,5,0.986933,0.002871,0.043402,31973,13713,21,results\checkpoints\within_domain_trained_libras_alphabet_mlp_angle_1shot.pt
libras_alphabet,mlp,angle,5,3,1337,5,5,600,600,5,5,0.991867,0.002169,0.026450,31973,13713,21,results\checkpoints\within_domain_trained_libras_alphabet_mlp_angle_3shot.pt
libras_alphabet,mlp,angle,5,5,1337,5,5,600,600,5,5,0.994067,0.001535,0.020774,31973,13713,21,results\checkpoints\within_domain_trained_libras_alphabet_mlp_angle_5shot.pt
thai_fingerspelling,mlp,angle,5,1,1337,5,5,600,600,5,5,0.734067,0.011634,0.795517,1998,863,42,results\checkpoints\within_domain_trained_thai_fingerspelling_mlp_angle_1shot.pt
thai_fingerspelling,mlp,angle,5,3,1337,5,5,600,600,5,5,0.824000,0.009015,0.524409,1998,863,42,results\checkpoints\within_domain_trained_thai_fingerspelling_mlp_angle_3shot.pt
thai_fingerspelling,mlp,angle,5,5,1337,5,5,600,600,5,5,0.834400,0.008435,0.466704,1998,863,42,results\checkpoints\within_domain_trained_thai_fingerspelling_mlp_angle_5shot.pt
asl_alphabet,mlp,raw_angle,5,1,1337,5,5,600,600,5,5,0.980600,0.003839,0.054589,1118,501,36,results\checkpoints\within_domain_trained_asl_alphabet_mlp_raw_angle_1shot.pt
asl_alphabet,mlp,raw_angle,5,3,1337,5,5,600,600,5,5,0.986733,0.002808,0.039363,1118,501,36,results\checkpoints\within_domain_trained_asl_alphabet_mlp_raw_angle_3shot.pt
asl_alphabet,mlp,raw_angle,5,5,1337,5,5,600,600,5,5,0.988933,0.002310,0.034159,1118,501,36,results\checkpoints\within_domain_trained_asl_alphabet_mlp_raw_angle_5shot.pt
arabic_sign_alphabet,mlp,raw_angle,5,1,1337,5,5,600,600,5,5,0.957000,0.005108,0.123847,4952,2142,31,results\checkpoints\within_domain_trained_arabic_sign_alphabet_mlp_raw_angle_1shot.pt
arabic_sign_alphabet,mlp,raw_angle,5,3,1337,5,5,600,600,5,5,0.980333,0.002699,0.061777,4952,2142,31,results\checkpoints\within_domain_trained_arabic_sign_alphabet_mlp_raw_angle_3shot.pt
arabic_sign_alphabet,mlp,raw_angle,5,5,1337,5,5,600,600,5,5,0.983333,0.002425,0.053910,4952,2142,31,results\checkpoints\within_domain_trained_arabic_sign_alphabet_mlp_raw_angle_5shot.pt
libras_alphabet,mlp,raw_angle,5,1,1337,5,5,600,600,5,5,0.992133,0.002199,0.024239,31973,13713,21,results\checkpoints\within_domain_trained_libras_alphabet_mlp_raw_angle_1shot.pt
libras_alphabet,mlp,raw_angle,5,3,1337,5,5,600,600,5,5,0.996933,0.001098,0.010940,31973,13713,21,results\checkpoints\within_domain_trained_libras_alphabet_mlp_raw_angle_3shot.pt
libras_alphabet,mlp,raw_angle,5,5,1337,5,5,600,600,5,5,0.997667,0.000857,0.007849,31973,13713,21,results\checkpoints\within_domain_trained_libras_alphabet_mlp_raw_angle_5shot.pt
thai_fingerspelling,mlp,raw_angle,5,1,1337,5,5,600,600,5,5,0.779667,0.011216,0.669736,1998,863,42,results\checkpoints\within_domain_trained_thai_fingerspelling_mlp_raw_angle_1shot.pt
thai_fingerspelling,mlp,raw_angle,5,3,1337,5,5,600,600,5,5,0.859800,0.008564,0.429050,1998,863,42,results\checkpoints\within_domain_trained_thai_fingerspelling_mlp_raw_angle_3shot.pt
thai_fingerspelling,mlp,raw_angle,5,5,1337,5,5,600,600,5,5,0.870467,0.007939,0.379800,1998,863,42,results\checkpoints\within_domain_trained_thai_fingerspelling_mlp_raw_angle_5shot.pt
asl_alphabet,transformer,raw,5,1,1337,5,5,600,600,5,5,0.964200,0.005248,0.090026,1118,501,36,results\checkpoints\within_domain_trained_asl_alphabet_transformer_raw_1shot.pt
asl_alphabet,transformer,raw,5,3,1337,5,5,600,600,5,5,0.983467,0.002992,0.049923,1118,501,36,results\checkpoints\within_domain_trained_asl_alphabet_transformer_raw_3shot.pt
asl_alphabet,transformer,raw,5,5,1337,5,5,600,600,5,5,0.985333,0.002963,0.039791,1118,501,36,results\checkpoints\within_domain_trained_asl_alphabet_transformer_raw_5shot.pt
arabic_sign_alphabet,transformer,raw,5,1,1337,5,5,600,600,5,5,0.933733,0.006825,0.182899,4952,2142,31,results\checkpoints\within_domain_trained_arabic_sign_alphabet_transformer_raw_1shot.pt
arabic_sign_alphabet,transformer,raw,5,3,1337,5,5,600,600,5,5,0.965333,0.004268,0.102934,4952,2142,31,results\checkpoints\within_domain_trained_arabic_sign_alphabet_transformer_raw_3shot.pt
arabic_sign_alphabet,transformer,raw,5,5,1337,5,5,600,600,5,5,0.969533,0.003986,0.087518,4952,2142,31,results\checkpoints\within_domain_trained_arabic_sign_alphabet_transformer_raw_5shot.pt
libras_alphabet,transformer,raw,5,1,1337,5,5,600,600,5,5,0.979267,0.004261,0.049601,31973,13713,21,results\checkpoints\within_domain_trained_libras_alphabet_transformer_raw_1shot.pt
libras_alphabet,transformer,raw,5,3,1337,5,5,600,600,5,5,0.984667,0.003923,0.032851,31973,13713,21,results\checkpoints\within_domain_trained_libras_alphabet_transformer_raw_3shot.pt
libras_alphabet,transformer,raw,5,5,1337,5,5,600,600,5,5,0.985200,0.003543,0.032068,31973,13713,21,results\checkpoints\within_domain_trained_libras_alphabet_transformer_raw_5shot.pt
thai_fingerspelling,transformer,raw,5,1,1337,5,5,600,600,5,5,0.718600,0.012589,0.801105,1998,863,42,results\checkpoints\within_domain_trained_thai_fingerspelling_transformer_raw_1shot.pt
thai_fingerspelling,transformer,raw,5,3,1337,5,5,600,600,5,5,0.812667,0.009973,0.521642,1998,863,42,results\checkpoints\within_domain_trained_thai_fingerspelling_transformer_raw_3shot.pt
thai_fingerspelling,transformer,raw,5,5,1337,5,5,600,600,5,5,0.826067,0.009262,0.476490,1998,863,42,results\checkpoints\within_domain_trained_thai_fingerspelling_transformer_raw_5shot.pt
asl_alphabet,transformer,angle,5,1,1337,5,5,600,600,5,5,0.949867,0.006006,0.130167,1118,501,36,results\checkpoints\within_domain_trained_asl_alphabet_transformer_angle_1shot.pt
asl_alphabet,transformer,angle,5,3,1337,5,5,600,600,5,5,0.965333,0.004696,0.087624,1118,501,36,results\checkpoints\within_domain_trained_asl_alphabet_transformer_angle_3shot.pt
asl_alphabet,transformer,angle,5,5,1337,5,5,600,600,5,5,0.975467,0.003386,0.072398,1118,501,36,results\checkpoints\within_domain_trained_asl_alphabet_transformer_angle_5shot.pt
arabic_sign_alphabet,transformer,angle,5,1,1337,5,5,600,600,5,5,0.924867,0.007335,0.215737,4952,2142,31,results\checkpoints\within_domain_trained_arabic_sign_alphabet_transformer_angle_1shot.pt
arabic_sign_alphabet,transformer,angle,5,3,1337,5,5,600,600,5,5,0.960400,0.004801,0.117858,4952,2142,31,results\checkpoints\within_domain_trained_arabic_sign_alphabet_transformer_angle_3shot.pt
arabic_sign_alphabet,transformer,angle,5,5,1337,5,5,600,600,5,5,0.963400,0.004382,0.106969,4952,2142,31,results\checkpoints\within_domain_trained_arabic_sign_alphabet_transformer_angle_5shot.pt
libras_alphabet,transformer,angle,5,1,1337,5,5,600,600,5,5,0.983133,0.003145,0.053666,31973,13713,21,results\checkpoints\within_domain_trained_libras_alphabet_transformer_angle_1shot.pt
libras_alphabet,transformer,angle,5,3,1337,5,5,600,600,5,5,0.989800,0.002117,0.030995,31973,13713,21,results\checkpoints\within_domain_trained_libras_alphabet_transformer_angle_3shot.pt
libras_alphabet,transformer,angle,5,5,1337,5,5,600,600,5,5,0.992933,0.001565,0.021177,31973,13713,21,results\checkpoints\within_domain_trained_libras_alphabet_transformer_angle_5shot.pt
thai_fingerspelling,transformer,angle,5,1,1337,5,5,600,600,5,5,0.688400,0.012050,0.856995,1998,863,42,results\checkpoints\within_domain_trained_thai_fingerspelling_transformer_angle_1shot.pt
thai_fingerspelling,transformer,angle,5,3,1337,5,5,600,600,5,5,0.797600,0.009603,0.542968,1998,863,42,results\checkpoints\within_domain_trained_thai_fingerspelling_transformer_angle_3shot.pt
thai_fingerspelling,transformer,angle,5,5,1337,5,5,600,600,5,5,0.819200,0.008923,0.467796,1998,863,42,results\checkpoints\within_domain_trained_thai_fingerspelling_transformer_angle_5shot.pt
asl_alphabet,transformer,raw_angle,5,1,1337,5,5,600,600,5,5,0.981533,0.003766,0.053270,1118,501,36,results\checkpoints\within_domain_trained_asl_alphabet_transformer_raw_angle_1shot.pt
asl_alphabet,transformer,raw_angle,5,3,1337,5,5,600,600,5,5,0.987067,0.002797,0.034316,1118,501,36,results\checkpoints\within_domain_trained_asl_alphabet_transformer_raw_angle_3shot.pt
asl_alphabet,transformer,raw_angle,5,5,1337,5,5,600,600,5,5,0.988133,0.002270,0.038575,1118,501,36,results\checkpoints\within_domain_trained_asl_alphabet_transformer_raw_angle_5shot.pt
arabic_sign_alphabet,transformer,raw_angle,5,1,1337,5,5,600,600,5,5,0.963333,0.004872,0.103186,4952,2142,31,results\checkpoints\within_domain_trained_arabic_sign_alphabet_transformer_raw_angle_1shot.pt
arabic_sign_alphabet,transformer,raw_angle,5,3,1337,5,5,600,600,5,5,0.983733,0.002592,0.052251,4952,2142,31,results\checkpoints\within_domain_trained_arabic_sign_alphabet_transformer_raw_angle_3shot.pt
arabic_sign_alphabet,transformer,raw_angle,5,5,1337,5,5,600,600,5,5,0.986000,0.002078,0.046454,4952,2142,31,results\checkpoints\within_domain_trained_arabic_sign_alphabet_transformer_raw_angle_5shot.pt
libras_alphabet,transformer,raw_angle,5,1,1337,5,5,600,600,5,5,0.995533,0.001477,0.017486,31973,13713,21,results\checkpoints\within_domain_trained_libras_alphabet_transformer_raw_angle_1shot.pt
libras_alphabet,transformer,raw_angle,5,3,1337,5,5,600,600,5,5,0.998467,0.000615,0.005740,31973,13713,21,results\checkpoints\within_domain_trained_libras_alphabet_transformer_raw_angle_3shot.pt
libras_alphabet,transformer,raw_angle,5,5,1337,5,5,600,600,5,5,0.999133,0.000502,0.003976,31973,13713,21,results\checkpoints\within_domain_trained_libras_alphabet_transformer_raw_angle_5shot.pt
thai_fingerspelling,transformer,raw_angle,5,1,1337,5,5,600,600,5,5,0.790667,0.010897,0.574299,1998,863,42,results\checkpoints\within_domain_trained_thai_fingerspelling_transformer_raw_angle_1shot.pt
thai_fingerspelling,transformer,raw_angle,5,3,1337,5,5,600,600,5,5,0.867733,0.008314,0.353655,1998,863,42,results\checkpoints\within_domain_trained_thai_fingerspelling_transformer_raw_angle_3shot.pt
thai_fingerspelling,transformer,raw_angle,5,5,1337,5,5,600,600,5,5,0.881333,0.007709,0.310561,1998,863,42,results\checkpoints\within_domain_trained_thai_fingerspelling_transformer_raw_angle_5shot.pt
asl_alphabet,mlp,raw,5,1,2024,5,5,600,600,5,5,0.978733,0.003913,0.057032,1118,501,36,results\checkpoints\within_domain_trained_asl_alphabet_mlp_raw_1shot.pt
asl_alphabet,mlp,raw,5,3,2024,5,5,600,600,5,5,0.989467,0.002182,0.034020,1118,501,36,results\checkpoints\within_domain_trained_asl_alphabet_mlp_raw_3shot.pt
asl_alphabet,mlp,raw,5,5,2024,5,5,600,600,5,5,0.991667,0.001835,0.027324,1118,501,36,results\checkpoints\within_domain_trained_asl_alphabet_mlp_raw_5shot.pt
arabic_sign_alphabet,mlp,raw,5,1,2024,5,5,600,600,5,5,0.949467,0.006078,0.141685,4952,2142,31,results\checkpoints\within_domain_trained_arabic_sign_alphabet_mlp_raw_1shot.pt
arabic_sign_alphabet,mlp,raw,5,3,2024,5,5,600,600,5,5,0.974067,0.003221,0.073822,4952,2142,31,results\checkpoints\within_domain_trained_arabic_sign_alphabet_mlp_raw_3shot.pt
arabic_sign_alphabet,mlp,raw,5,5,2024,5,5,600,600,5,5,0.977467,0.002923,0.068926,4952,2142,31,results\checkpoints\within_domain_trained_arabic_sign_alphabet_mlp_raw_5shot.pt
libras_alphabet,mlp,raw,5,1,2024,5,5,600,600,5,5,0.978333,0.004603,0.043361,31973,13713,21,results\checkpoints\within_domain_trained_libras_alphabet_mlp_raw_1shot.pt
libras_alphabet,mlp,raw,5,3,2024,5,5,600,600,5,5,0.990333,0.002453,0.025738,31973,13713,21,results\checkpoints\within_domain_trained_libras_alphabet_mlp_raw_3shot.pt
libras_alphabet,mlp,raw,5,5,2024,5,5,600,600,5,5,0.992200,0.002001,0.020375,31973,13713,21,results\checkpoints\within_domain_trained_libras_alphabet_mlp_raw_5shot.pt
thai_fingerspelling,mlp,raw,5,1,2024,5,5,600,600,5,5,0.745600,0.011417,0.771849,1998,863,42,results\checkpoints\within_domain_trained_thai_fingerspelling_mlp_raw_1shot.pt
thai_fingerspelling,mlp,raw,5,3,2024,5,5,600,600,5,5,0.831467,0.009029,0.496256,1998,863,42,results\checkpoints\within_domain_trained_thai_fingerspelling_mlp_raw_3shot.pt
thai_fingerspelling,mlp,raw,5,5,2024,5,5,600,600,5,5,0.851733,0.008732,0.412395,1998,863,42,results\checkpoints\within_domain_trained_thai_fingerspelling_mlp_raw_5shot.pt
asl_alphabet,mlp,angle,5,1,2024,5,5,600,600,5,5,0.943600,0.006978,0.133133,1118,501,36,results\checkpoints\within_domain_trained_asl_alphabet_mlp_angle_1shot.pt
asl_alphabet,mlp,angle,5,3,2024,5,5,600,600,5,5,0.973000,0.003992,0.073812,1118,501,36,results\checkpoints\within_domain_trained_asl_alphabet_mlp_angle_3shot.pt
asl_alphabet,mlp,angle,5,5,2024,5,5,600,600,5,5,0.975000,0.003640,0.071607,1118,501,36,results\checkpoints\within_domain_trained_asl_alphabet_mlp_angle_5shot.pt
arabic_sign_alphabet,mlp,angle,5,1,2024,5,5,600,600,5,5,0.934933,0.006516,0.191586,4952,2142,31,results\checkpoints\within_domain_trained_arabic_sign_alphabet_mlp_angle_1shot.pt
arabic_sign_alphabet,mlp,angle,5,3,2024,5,5,600,600,5,5,0.960400,0.004361,0.112938,4952,2142,31,results\checkpoints\within_domain_trained_arabic_sign_alphabet_mlp_angle_3shot.pt
arabic_sign_alphabet,mlp,angle,5,5,2024,5,5,600,600,5,5,0.964333,0.003975,0.106275,4952,2142,31,results\checkpoints\within_domain_trained_arabic_sign_alphabet_mlp_angle_5shot.pt
libras_alphabet,mlp,angle,5,1,2024,5,5,600,600,5,5,0.984333,0.003075,0.044767,31973,13713,21,results\checkpoints\within_domain_trained_libras_alphabet_mlp_angle_1shot.pt
libras_alphabet,mlp,angle,5,3,2024,5,5,600,600,5,5,0.991733,0.001833,0.024661,31973,13713,21,results\checkpoints\within_domain_trained_libras_alphabet_mlp_angle_3shot.pt
libras_alphabet,mlp,angle,5,5,2024,5,5,600,600,5,5,0.993133,0.001609,0.022187,31973,13713,21,results\checkpoints\within_domain_trained_libras_alphabet_mlp_angle_5shot.pt
thai_fingerspelling,mlp,angle,5,1,2024,5,5,600,600,5,5,0.725133,0.011231,0.845569,1998,863,42,results\checkpoints\within_domain_trained_thai_fingerspelling_mlp_angle_1shot.pt
thai_fingerspelling,mlp,angle,5,3,2024,5,5,600,600,5,5,0.806533,0.009314,0.559583,1998,863,42,results\checkpoints\within_domain_trained_thai_fingerspelling_mlp_angle_3shot.pt
thai_fingerspelling,mlp,angle,5,5,2024,5,5,600,600,5,5,0.830333,0.008862,0.488031,1998,863,42,results\checkpoints\within_domain_trained_thai_fingerspelling_mlp_angle_5shot.pt
asl_alphabet,mlp,raw_angle,5,1,2024,5,5,600,600,5,5,0.975467,0.004557,0.064815,1118,501,36,results\checkpoints\within_domain_trained_asl_alphabet_mlp_raw_angle_1shot.pt
asl_alphabet,mlp,raw_angle,5,3,2024,5,5,600,600,5,4,0.986800,0.002758,0.037196,1118,501,36,results\checkpoints\within_domain_trained_asl_alphabet_mlp_raw_angle_3shot.pt
asl_alphabet,mlp,raw_angle,5,5,2024,5,5,600,600,5,5,0.988133,0.002499,0.035248,1118,501,36,results\checkpoints\within_domain_trained_asl_alphabet_mlp_raw_angle_5shot.pt
arabic_sign_alphabet,mlp,raw_angle,5,1,2024,5,5,600,600,5,5,0.959200,0.005505,0.114909,4952,2142,31,results\checkpoints\within_domain_trained_arabic_sign_alphabet_mlp_raw_angle_1shot.pt
arabic_sign_alphabet,mlp,raw_angle,5,3,2024,5,5,600,600,5,5,0.980733,0.002608,0.060303,4952,2142,31,results\checkpoints\within_domain_trained_arabic_sign_alphabet_mlp_raw_angle_3shot.pt
arabic_sign_alphabet,mlp,raw_angle,5,5,2024,5,5,600,600,5,5,0.984067,0.002360,0.057028,4952,2142,31,results\checkpoints\within_domain_trained_arabic_sign_alphabet_mlp_raw_angle_5shot.pt
libras_alphabet,mlp,raw_angle,5,1,2024,5,5,600,600,5,5,0.984867,0.003669,0.034083,31973,13713,21,results\checkpoints\within_domain_trained_libras_alphabet_mlp_raw_angle_1shot.pt
libras_alphabet,mlp,raw_angle,5,3,2024,5,5,600,600,5,5,0.994933,0.001505,0.016242,31973,13713,21,results\checkpoints\within_domain_trained_libras_alphabet_mlp_raw_angle_3shot.pt
libras_alphabet,mlp,raw_angle,5,5,2024,5,5,600,600,5,5,0.996933,0.001000,0.014516,31973,13713,21,results\checkpoints\within_domain_trained_libras_alphabet_mlp_raw_angle_5shot.pt
thai_fingerspelling,mlp,raw_angle,5,1,2024,5,5,600,600,5,5,0.773333,0.010714,0.689747,1998,863,42,results\checkpoints\within_domain_trained_thai_fingerspelling_mlp_raw_angle_1shot.pt
thai_fingerspelling,mlp,raw_angle,5,3,2024,5,5,600,600,5,5,0.856133,0.008366,0.428088,1998,863,42,results\checkpoints\within_domain_trained_thai_fingerspelling_mlp_raw_angle_3shot.pt
thai_fingerspelling,mlp,raw_angle,5,5,2024,5,5,600,600,5,5,0.868600,0.008085,0.368911,1998,863,42,results\checkpoints\within_domain_trained_thai_fingerspelling_mlp_raw_angle_5shot.pt
asl_alphabet,transformer,raw,5,1,2024,5,5,600,600,5,5,0.974733,0.004545,0.065243,1118,501,36,results\checkpoints\within_domain_trained_asl_alphabet_transformer_raw_1shot.pt
asl_alphabet,transformer,raw,5,3,2024,5,5,600,600,5,5,0.987800,0.002600,0.035988,1118,501,36,results\checkpoints\within_domain_trained_asl_alphabet_transformer_raw_3shot.pt
asl_alphabet,transformer,raw,5,5,2024,5,5,600,600,5,5,0.987467,0.002365,0.039846,1118,501,36,results\checkpoints\within_domain_trained_asl_alphabet_transformer_raw_5shot.pt
arabic_sign_alphabet,transformer,raw,5,1,2024,5,5,600,600,5,5,0.931533,0.007024,0.189039,4952,2142,31,results\checkpoints\within_domain_trained_arabic_sign_alphabet_transformer_raw_1shot.pt
arabic_sign_alphabet,transformer,raw,5,3,2024,5,5,600,600,5,5,0.973333,0.003368,0.076021,4952,2142,31,results\checkpoints\within_domain_trained_arabic_sign_alphabet_transformer_raw_3shot.pt
arabic_sign_alphabet,transformer,raw,5,5,2024,5,5,600,600,5,5,0.966133,0.003785,0.102466,4952,2142,31,results\checkpoints\within_domain_trained_arabic_sign_alphabet_transformer_raw_5shot.pt
libras_alphabet,transformer,raw,5,1,2024,5,5,600,600,5,5,0.972933,0.005057,0.059372,31973,13713,21,results\checkpoints\within_domain_trained_libras_alphabet_transformer_raw_1shot.pt
libras_alphabet,transformer,raw,5,3,2024,5,5,600,600,5,5,0.978600,0.004426,0.043797,31973,13713,21,results\checkpoints\within_domain_trained_libras_alphabet_transformer_raw_3shot.pt
libras_alphabet,transformer,raw,5,5,2024,5,5,600,600,5,5,0.982467,0.003879,0.039257,31973,13713,21,results\checkpoints\within_domain_trained_libras_alphabet_transformer_raw_5shot.pt
thai_fingerspelling,transformer,raw,5,1,2024,5,5,600,600,5,5,0.703800,0.012049,0.856991,1998,863,42,results\checkpoints\within_domain_trained_thai_fingerspelling_transformer_raw_1shot.pt
thai_fingerspelling,transformer,raw,5,3,2024,5,5,600,600,5,5,0.791067,0.010267,0.577581,1998,863,42,results\checkpoints\within_domain_trained_thai_fingerspelling_transformer_raw_3shot.pt
thai_fingerspelling,transformer,raw,5,5,2024,5,5,600,600,5,5,0.807533,0.009549,0.519781,1998,863,42,results\checkpoints\within_domain_trained_thai_fingerspelling_transformer_raw_5shot.pt
asl_alphabet,transformer,angle,5,1,2024,5,5,600,600,5,5,0.939400,0.007112,0.153386,1118,501,36,results\checkpoints\within_domain_trained_asl_alphabet_transformer_angle_1shot.pt
asl_alphabet,transformer,angle,5,3,2024,5,5,600,600,5,5,0.970067,0.004162,0.088081,1118,501,36,results\checkpoints\within_domain_trained_asl_alphabet_transformer_angle_3shot.pt
asl_alphabet,transformer,angle,5,5,2024,5,5,600,600,5,5,0.972200,0.003908,0.078748,1118,501,36,results\checkpoints\within_domain_trained_asl_alphabet_transformer_angle_5shot.pt
arabic_sign_alphabet,transformer,angle,5,1,2024,5,5,600,600,5,5,0.934533,0.006421,0.183764,4952,2142,31,results\checkpoints\within_domain_trained_arabic_sign_alphabet_transformer_angle_1shot.pt
arabic_sign_alphabet,transformer,angle,5,3,2024,5,5,600,600,5,5,0.963000,0.004229,0.102230,4952,2142,31,results\checkpoints\within_domain_trained_arabic_sign_alphabet_transformer_angle_3shot.pt
arabic_sign_alphabet,transformer,angle,5,5,2024,5,5,600,600,5,5,0.964800,0.004105,0.097676,4952,2142,31,results\checkpoints\within_domain_trained_arabic_sign_alphabet_transformer_angle_5shot.pt
libras_alphabet,transformer,angle,5,1,2024,5,5,600,600,5,5,0.979800,0.003817,0.056288,31973,13713,21,results\checkpoints\within_domain_trained_libras_alphabet_transformer_angle_1shot.pt
libras_alphabet,transformer,angle,5,3,2024,5,5,600,600,5,5,0.990600,0.002008,0.029065,31973,13713,21,results\checkpoints\within_domain_trained_libras_alphabet_transformer_angle_3shot.pt
libras_alphabet,transformer,angle,5,5,2024,5,5,600,600,5,5,0.991667,0.001779,0.026329,31973,13713,21,results\checkpoints\within_domain_trained_libras_alphabet_transformer_angle_5shot.pt
thai_fingerspelling,transformer,angle,5,1,2024,5,5,600,600,5,5,0.690267,0.011959,0.879409,1998,863,42,results\checkpoints\within_domain_trained_thai_fingerspelling_transformer_angle_1shot.pt
thai_fingerspelling,transformer,angle,5,3,2024,5,5,600,600,5,5,0.785667,0.009630,0.573009,1998,863,42,results\checkpoints\within_domain_trained_thai_fingerspelling_transformer_angle_3shot.pt
thai_fingerspelling,transformer,angle,5,5,2024,5,5,600,600,5,5,0.812467,0.009146,0.484640,1998,863,42,results\checkpoints\within_domain_trained_thai_fingerspelling_transformer_angle_5shot.pt
asl_alphabet,transformer,raw_angle,5,1,2024,5,5,600,600,5,5,0.980667,0.003799,0.066310,1118,501,36,results\checkpoints\within_domain_trained_asl_alphabet_transformer_raw_angle_1shot.pt
asl_alphabet,transformer,raw_angle,5,3,2024,5,5,600,600,5,3,0.986333,0.002727,0.039471,1118,501,36,results\checkpoints\within_domain_trained_asl_alphabet_transformer_raw_angle_3shot.pt
asl_alphabet,transformer,raw_angle,5,5,2024,5,5,600,600,5,5,0.988733,0.002633,0.039414,1118,501,36,results\checkpoints\within_domain_trained_asl_alphabet_transformer_raw_angle_5shot.pt
arabic_sign_alphabet,transformer,raw_angle,5,1,2024,5,5,600,600,5,5,0.964200,0.004953,0.095852,4952,2142,31,results\checkpoints\within_domain_trained_arabic_sign_alphabet_transformer_raw_angle_1shot.pt
arabic_sign_alphabet,transformer,raw_angle,5,3,2024,5,5,600,600,5,5,0.983333,0.002481,0.052784,4952,2142,31,results\checkpoints\within_domain_trained_arabic_sign_alphabet_transformer_raw_angle_3shot.pt
arabic_sign_alphabet,transformer,raw_angle,5,5,2024,5,5,600,600,5,5,0.985867,0.002247,0.047184,4952,2142,31,results\checkpoints\within_domain_trained_arabic_sign_alphabet_transformer_raw_angle_5shot.pt
libras_alphabet,transformer,raw_angle,5,1,2024,5,5,600,600,5,5,0.990867,0.002970,0.021733,31973,13713,21,results\checkpoints\within_domain_trained_libras_alphabet_transformer_raw_angle_1shot.pt
libras_alphabet,transformer,raw_angle,5,3,2024,5,5,600,600,5,5,0.997067,0.001085,0.011127,31973,13713,21,results\checkpoints\within_domain_trained_libras_alphabet_transformer_raw_angle_3shot.pt
libras_alphabet,transformer,raw_angle,5,5,2024,5,5,600,600,5,5,0.997733,0.000807,0.008415,31973,13713,21,results\checkpoints\within_domain_trained_libras_alphabet_transformer_raw_angle_5shot.pt
thai_fingerspelling,transformer,raw_angle,5,1,2024,5,5,600,600,5,5,0.784467,0.010887,0.604245,1998,863,42,results\checkpoints\within_domain_trained_thai_fingerspelling_transformer_raw_angle_1shot.pt
thai_fingerspelling,transformer,raw_angle,5,3,2024,5,5,600,600,5,5,0.858867,0.008268,0.379089,1998,863,42,results\checkpoints\within_domain_trained_thai_fingerspelling_transformer_raw_angle_3shot.pt
thai_fingerspelling,transformer,raw_angle,5,5,2024,5,5,600,600,5,5,0.875800,0.007746,0.323245,1998,863,42,results\checkpoints\within_domain_trained_thai_fingerspelling_transformer_raw_angle_5shot.pt
