dataset,encoder,representation,k_shot,seeds,n_seeds,accuracy_mean,accuracy_std,mean_episode_ci95
asl_alphabet,mlp,raw,1,42 1337 2024,3,0.979222,0.000847,0.003971
asl_alphabet,mlp,raw,3,42 1337 2024,3,0.988245,0.001347,0.002439
asl_alphabet,mlp,raw,5,42 1337 2024,3,0.990445,0.001201,0.002028
asl_alphabet,mlp,angle,1,42 1337 2024,3,0.950333,0.005853,0.006253
asl_alphabet,mlp,angle,3,42 1337 2024,3,0.975511,0.004292,0.003603
asl_alphabet,mlp,angle,5,42 1337 2024,3,0.978133,0.003557,0.003222
asl_alphabet,mlp,raw_angle,1,42 1337 2024,3,0.977778,0.002604,0.004199
asl_alphabet,mlp,raw_angle,3,42 1337 2024,3,0.986889,0.000214,0.002791
asl_alphabet,mlp,raw_angle,5,42 1337 2024,3,0.988022,0.000971,0.002566
asl_alphabet,transformer,raw,1,42 1337 2024,3,0.967000,0.006781,0.005164
asl_alphabet,transformer,raw,3,42 1337 2024,3,0.986222,0.002395,0.002788
asl_alphabet,transformer,raw,5,42 1337 2024,3,0.987133,0.001659,0.002563
asl_alphabet,transformer,angle,1,42 1337 2024,3,0.943445,0.005624,0.006680
asl_alphabet,transformer,angle,3,42 1337 2024,3,0.968822,0.003063,0.004322
asl_alphabet,transformer,angle,5,42 1337 2024,3,0.974400,0.001906,0.003610
asl_alphabet,transformer,raw_angle,1,42 1337 2024,3,0.980467,0.001179,0.003859
asl_alphabet,transformer,raw_angle,3,42 1337 2024,3,0.986933,0.000546,0.002751
asl_alphabet,transformer,raw_angle,5,42 1337 2024,3,0.988511,0.000329,0.002450
arabic_sign_alphabet,mlp,raw,1,42 1337 2024,3,0.949822,0.000735,0.005989
arabic_sign_alphabet,mlp,raw,3,42 1337 2024,3,0.975911,0.001673,0.003232
arabic_sign_alphabet,mlp,raw,5,42 1337 2024,3,0.979978,0.002217,0.002781
arabic_sign_alphabet,mlp,angle,1,42 1337 2024,3,0.932356,0.002446,0.006698
arabic_sign_alphabet,mlp,angle,3,42 1337 2024,3,0.959533,0.001737,0.004463
arabic_sign_alphabet,mlp,angle,5,42 1337 2024,3,0.963111,0.001625,0.004274
arabic_sign_alphabet,mlp,raw_angle,1,42 1337 2024,3,0.959422,0.002541,0.005317
arabic_sign_alphabet,mlp,raw_angle,3,42 1337 2024,3,0.981066,0.000945,0.002726
arabic_sign_alphabet,mlp,raw_angle,5,42 1337 2024,3,0.983844,0.000444,0.002431
arabic_sign_alphabet,transformer,raw,1,42 1337 2024,3,0.933089,0.001354,0.006979
arabic_sign_alphabet,transformer,raw,3,42 1337 2024,3,0.968889,0.004073,0.003925
arabic_sign_alphabet,transformer,raw,5,42 1337 2024,3,0.971133,0.005963,0.003638
arabic_sign_alphabet,transformer,angle,1,42 1337 2024,3,0.930044,0.004870,0.006765
arabic_sign_alphabet,transformer,angle,3,42 1337 2024,3,0.960689,0.002181,0.004612
arabic_sign_alphabet,transformer,angle,5,42 1337 2024,3,0.963822,0.000849,0.004238
arabic_sign_alphabet,transformer,raw_angle,1,42 1337 2024,3,0.965222,0.002558,0.004837
arabic_sign_alphabet,transformer,raw_angle,3,42 1337 2024,3,0.983578,0.000214,0.002579
arabic_sign_alphabet,transformer,raw_angle,5,42 1337 2024,3,0.985867,0.000134,0.002196
libras_alphabet,mlp,raw,1,42 1337 2024,3,0.982222,0.004041,0.003869
libras_alphabet,mlp,raw,3,42 1337 2024,3,0.991822,0.001612,0.002301
libras_alphabet,mlp,raw,5,42 1337 2024,3,0.993178,0.000967,0.002020
libras_alphabet,mlp,angle,1,42 1337 2024,3,0.985666,0.001301,0.003004
libras_alphabet,mlp,angle,3,42 1337 2024,3,0.992289,0.000850,0.001878
libras_alphabet,mlp,angle,5,42 1337 2024,3,0.994089,0.000967,0.001477
libras_alphabet,mlp,raw_angle,1,42 1337 2024,3,0.988111,0.003695,0.003055
libras_alphabet,mlp,raw_angle,3,42 1337 2024,3,0.995844,0.001012,0.001303
libras_alphabet,mlp,raw_angle,5,42 1337 2024,3,0.997222,0.000391,0.000947
libras_alphabet,transformer,raw,1,42 1337 2024,3,0.974711,0.003977,0.004813
libras_alphabet,transformer,raw,3,42 1337 2024,3,0.981289,0.003092,0.004187
libras_alphabet,transformer,raw,5,42 1337 2024,3,0.983311,0.001639,0.003828
libras_alphabet,transformer,angle,1,42 1337 2024,3,0.981533,0.001671,0.003473
libras_alphabet,transformer,angle,3,42 1337 2024,3,0.990289,0.000429,0.002029
libras_alphabet,transformer,angle,5,42 1337 2024,3,0.992422,0.000668,0.001634
libras_alphabet,transformer,raw_angle,1,42 1337 2024,3,0.993289,0.002338,0.002108
libras_alphabet,transformer,raw_angle,3,42 1337 2024,3,0.997756,0.000700,0.000849
libras_alphabet,transformer,raw_angle,5,42 1337 2024,3,0.998533,0.000721,0.000652
thai_fingerspelling,mlp,raw,1,42 1337 2024,3,0.753933,0.012359,0.011496
thai_fingerspelling,mlp,raw,3,42 1337 2024,3,0.839933,0.009624,0.008968
thai_fingerspelling,mlp,raw,5,42 1337 2024,3,0.856222,0.007150,0.008543
thai_fingerspelling,mlp,angle,1,42 1337 2024,3,0.731067,0.005139,0.011499
thai_fingerspelling,mlp,angle,3,42 1337 2024,3,0.817178,0.009340,0.009168
thai_fingerspelling,mlp,angle,5,42 1337 2024,3,0.833978,0.003453,0.008641
thai_fingerspelling,mlp,raw_angle,1,42 1337 2024,3,0.781800,0.009711,0.010893
thai_fingerspelling,mlp,raw_angle,3,42 1337 2024,3,0.861378,0.006186,0.008355
thai_fingerspelling,mlp,raw_angle,5,42 1337 2024,3,0.872511,0.005242,0.007989
thai_fingerspelling,transformer,raw,1,42 1337 2024,3,0.713289,0.008237,0.012209
thai_fingerspelling,transformer,raw,3,42 1337 2024,3,0.803756,0.011285,0.009977
thai_fingerspelling,transformer,raw,5,42 1337 2024,3,0.820889,0.011663,0.009291
thai_fingerspelling,transformer,angle,1,42 1337 2024,3,0.690422,0.002104,0.011909
thai_fingerspelling,transformer,angle,3,42 1337 2024,3,0.792667,0.006229,0.009713
thai_fingerspelling,transformer,angle,5,42 1337 2024,3,0.818267,0.005394,0.008953
thai_fingerspelling,transformer,raw_angle,1,42 1337 2024,3,0.790711,0.006267,0.010789
thai_fingerspelling,transformer,raw_angle,3,42 1337 2024,3,0.866511,0.007112,0.008148
thai_fingerspelling,transformer,raw_angle,5,42 1337 2024,3,0.880489,0.004329,0.007716
